690,15,,,,,,,,,,,,,,
A1,A2,A3,A4,A5,A6,A7,A8,A9,A10,A11,A12,A13,A14,A15,A16
3,30.83,0.0,3,2,14,9,1.25,2,2,1,1,1,00202,0,1
2,58.67,4.46,3,2,12,5,3.04,2,2,6,1,1,00043,560,1
2,24.50,0.5,3,2,12,5,1.5,2,1,0,1,1,00280,824,1
3,27.83,1.54,3,2,14,9,3.75,2,2,5,2,1,00100,3,1
3,20.17,5.625,3,2,14,9,1.71,2,1,0,1,3,00120,0,1
3,32.08,4.0,3,2,11,9,2.5,2,1,0,2,1,00360,0,1
3,33.17,1.04,3,2,13,5,6.5,2,1,0,2,1,00164,31285,1
2,22.92,11.585,3,2,4,9,0.04,2,1,0,1,1,00080,1349,1
3,54.42,0.5,4,4,10,5,3.96,2,1,0,1,1,00180,314,1
3,42.50,4.915,4,4,14,9,3.165,2,1,0,2,1,00052,1442,1
3,22.08,0.83,3,2,3,5,2.165,1,1,0,2,1,00128,0,1
3,29.92,1.835,3,2,3,5,4.335,2,1,0,1,1,00260,200,1
2,38.25,6.0,3,2,10,9,1.0,2,1,0,2,1,00000,0,1
3,48.08,6.04,3,2,10,9,0.04,1,1,0,1,1,00000,2690,1
2,45.83,10.5,3,2,12,9,5.0,2,2,7,2,1,00000,0,1
3,36.67,4.415,4,4,10,9,0.25,2,2,10,2,1,00320,0,1
3,28.25,0.875,3,2,11,9,0.96,2,2,3,2,1,00396,0,1
2,23.25,5.875,3,2,12,9,3.17,2,2,10,1,1,00120,245,1
3,21.83,0.25,3,2,5,5,0.665,2,1,0,2,1,00000,0,1
2,19.17,8.585,3,2,4,5,0.75,2,2,7,1,1,00096,0,1
3,25.00,11.25,3,2,3,9,2.5,2,2,17,1,1,00200,1208,1
3,23.25,1.0,3,2,3,9,0.835,2,1,0,1,3,00300,0,1
2,47.75,8.0,3,2,3,9,7.875,2,2,6,2,1,00000,1260,1
2,27.42,14.5,3,2,15,5,3.085,2,2,1,1,1,00120,11,1
2,41.17,6.5,3,2,12,9,0.5,2,2,3,2,1,00145,0,1
2,15.83,0.585,3,2,3,5,1.5,2,2,2,1,1,00100,0,1
2,47.00,13.0,3,2,8,2,5.165,2,2,9,2,1,00000,0,1
3,56.58,18.5,3,2,5,2,15.0,2,2,17,2,1,00000,0,1
3,57.42,8.5,3,2,6,5,7.0,2,2,3,1,1,00000,0,1
3,42.08,1.04,3,2,14,9,5.0,2,2,6,2,1,00500,10000,1
3,29.25,14.79,3,2,2,9,5.04,2,2,5,2,1,00168,0,1
3,42.00,9.79,3,2,15,5,7.96,2,2,8,1,1,00000,0,1
3,49.50,7.585,3,2,8,2,7.585,2,2,15,2,1,00000,5000,1
2,36.75,5.125,3,2,6,9,5.0,2,1,0,2,1,00000,4000,1
2,22.58,10.75,3,2,12,9,0.415,2,2,5,2,1,00000,560,1
3,27.83,1.5,3,2,14,9,2.0,2,2,11,2,1,00434,35,1
3,27.25,1.585,3,2,4,5,1.835,2,2,12,2,1,00583,713,1
2,23.00,11.75,3,2,15,5,0.5,2,2,2,2,1,00300,551,1
3,27.75,0.585,4,4,4,9,0.25,2,2,2,1,1,00260,500,1
3,54.58,9.415,3,2,7,4,14.415,2,2,11,2,1,00030,300,1
3,34.17,9.17,3,2,3,9,4.5,2,2,12,2,1,00000,221,1
3,28.92,15.0,3,2,3,5,5.335,2,2,11,1,1,00000,2283,1
3,29.67,1.415,3,2,14,5,0.75,2,2,1,1,1,00240,100,1
3,39.58,13.915,3,2,14,9,8.625,2,2,6,2,1,00070,0,1
3,56.42,28.0,4,4,3,9,28.5,2,2,40,1,1,00000,15,1
3,54.33,6.75,3,2,3,5,2.625,2,2,11,2,1,00000,284,1
2,41.00,2.04,4,4,12,5,0.125,2,2,23,2,1,00455,1236,1
3,31.92,4.46,3,2,4,5,6.04,2,2,3,1,1,00311,300,1
3,41.50,1.54,3,2,8,2,3.5,1,1,0,1,1,00216,0,1
3,23.92,0.665,3,2,3,9,0.165,1,1,0,1,1,00100,0,1
2,25.75,0.5,3,2,3,5,0.875,2,1,0,2,1,00491,0,1
3,26.00,1.0,3,2,12,9,1.75,2,1,0,2,1,00280,0,1
3,37.42,2.04,3,2,14,9,0.04,2,1,0,2,1,00400,5800,1
3,34.92,2.5,3,2,14,9,0.0,2,1,0,2,1,00239,200,1
3,34.25,3.0,3,2,4,5,7.415,2,1,0,2,1,00000,0,1
3,23.33,11.625,4,4,14,9,0.835,2,1,0,2,1,00160,300,1
3,23.17,0.0,3,2,4,9,0.085,2,1,0,1,1,00000,0,1
3,44.33,0.5,3,2,8,5,5.0,2,1,0,2,1,00320,0,1
3,35.17,4.5,3,2,15,5,5.75,1,1,0,2,3,00711,0,1
3,43.25,3.0,3,2,12,5,6.0,2,2,11,1,1,00080,0,1
3,56.75,12.25,3,2,11,9,1.25,2,2,4,2,1,00200,0,1
3,31.67,16.165,3,2,5,9,3.0,2,2,9,1,1,00250,730,1
2,23.42,0.79,4,4,12,9,1.5,2,2,2,2,1,00080,400,1
2,20.42,0.835,3,2,12,9,1.585,2,2,1,1,1,00000,0,1
3,26.67,4.25,3,2,4,9,4.29,2,2,1,2,1,00120,0,1
3,34.17,1.54,3,2,4,9,1.54,2,2,1,2,1,00520,50000,1
2,36.00,1.0,3,2,3,9,2.0,2,2,11,1,1,00000,456,1
3,25.50,0.375,3,2,11,9,0.25,2,2,3,1,1,00260,15108,1
3,19.42,6.5,3,2,14,5,1.46,2,2,7,1,1,00080,2954,1
3,35.17,25.125,3,2,15,5,1.625,2,2,1,2,1,00515,500,1
3,32.33,7.5,3,2,6,2,1.585,2,1,0,2,3,00420,0,2
3,34.83,4.0,3,2,5,2,12.5,2,1,0,2,1,0,0,2
2,38.58,5.0,3,2,4,9,13.5,2,1,0,2,1,00980,0,2
3,44.25,0.5,3,2,11,9,10.75,2,1,0,1,3,00400,0,2
3,44.83,7.0,4,4,3,9,1.625,1,1,0,1,1,00160,2,2
3,20.67,5.29,3,2,12,9,0.375,2,2,1,1,1,00160,0,2
3,34.08,6.5,3,2,2,9,0.125,2,1,0,2,1,00443,0,2
2,19.17,0.585,4,4,2,9,0.585,2,1,0,2,1,00160,0,2
3,21.67,1.165,4,4,10,9,2.5,2,2,1,1,1,00180,20,2
3,21.50,9.75,3,2,3,9,0.25,2,1,0,1,1,00140,0,2
3,49.58,19.0,3,2,7,4,0.0,2,2,1,1,1,00094,0,2
2,27.67,1.5,3,2,11,9,2.0,2,1,0,1,3,00368,0,2
3,39.83,0.5,3,2,11,9,0.25,2,1,0,1,3,00288,0,2
2,0,3.5,3,2,5,9,3.0,2,1,0,2,1,00300,0,2
3,27.25,0.625,3,2,2,9,0.455,2,1,0,2,1,00200,0,2
3,37.17,4.0,3,2,3,2,5.0,2,1,0,2,3,00280,0,2
3,0,0.375,3,2,5,9,0.875,2,1,0,2,3,00928,0,2
3,25.67,2.21,4,4,2,9,4.0,2,1,0,1,1,00188,0,2
3,34.00,4.5,3,2,2,9,1.0,2,1,0,2,1,00240,0,2
2,49.00,1.5,3,2,9,6,0.0,2,1,0,2,1,00100,27,2
3,62.50,12.75,4,4,3,5,5.0,2,1,0,1,1,00112,0,2
3,31.42,15.5,3,2,3,9,0.5,2,1,0,1,1,00120,0,2
3,0,5.0,4,4,2,9,8.5,2,1,0,1,1,00000,0,2
3,52.33,1.375,4,4,3,5,9.46,2,1,0,2,1,00200,100,2
3,28.75,1.5,4,4,3,9,1.5,2,1,0,2,1,00000,225,2
2,28.58,3.54,3,2,8,2,0.5,2,1,0,2,1,00171,0,2
3,23.00,0.625,4,4,2,9,0.125,2,1,0,1,1,00180,1,2
3,0,0.5,3,2,3,2,0.835,2,1,0,2,3,00320,0,2
2,22.50,11.0,4,4,12,9,3.0,2,1,0,2,1,00268,0,2
2,28.50,1.0,3,2,12,9,1.0,2,2,2,2,1,00167,500,2
3,37.50,1.75,4,4,3,2,0.25,2,1,0,2,1,00164,400,2
3,35.25,16.5,4,4,3,9,4.0,2,1,0,1,1,00080,0,2
3,18.67,5.0,3,2,12,9,0.375,2,2,2,1,1,00000,38,2
3,25.00,12.0,3,2,10,9,2.25,2,2,2,2,1,00120,5,2
3,27.83,4.0,4,4,8,5,5.75,2,2,2,2,1,00075,0,2
3,54.83,15.5,3,2,6,10,0.0,2,2,20,1,1,00152,130,2
3,28.75,1.165,3,2,10,9,0.5,2,1,0,1,3,00280,0,2
2,25.00,11.0,4,4,2,9,4.5,2,1,0,1,1,00120,0,2
3,40.92,2.25,4,4,15,5,10.0,2,1,0,2,1,00176,0,2
2,19.75,0.75,3,2,3,9,0.795,2,2,5,2,1,00140,5,2
3,29.17,3.5,3,2,14,9,3.5,2,2,3,2,1,00329,0,2
2,24.50,1.04,4,4,7,4,0.5,2,2,3,1,1,00180,147,2
3,24.58,12.5,3,2,14,9,0.875,2,1,0,2,1,00260,0,2
2,33.75,0.75,3,2,10,2,1.0,2,2,3,2,1,00212,0,2
3,20.67,1.25,4,4,3,5,1.375,2,2,3,2,1,00140,210,2
2,25.42,1.125,3,2,12,9,1.29,2,2,2,1,1,00200,0,2
3,37.75,7.0,3,2,12,5,11.5,2,2,7,2,1,00300,5,2
3,52.50,6.5,3,2,10,9,6.29,2,2,15,1,1,00000,11202,1
3,57.83,7.04,3,2,11,9,14.0,2,2,6,2,1,00360,1332,1
2,20.75,10.335,3,2,4,5,0.335,2,2,1,2,1,00080,50,1
3,39.92,6.21,3,2,12,9,0.04,2,2,1,1,1,00200,300,1
3,25.67,12.5,3,2,4,9,1.21,2,2,67,2,1,00140,258,1
2,24.75,12.5,3,2,2,9,1.5,2,2,12,2,1,00120,567,1
2,44.17,6.665,3,2,12,9,7.375,2,2,3,2,1,00000,0,1
2,23.50,9.0,3,2,12,9,8.5,2,2,5,2,1,00120,0,1
3,34.92,5.0,3,2,15,5,7.5,2,2,6,2,1,00000,1000,1
3,47.67,2.5,3,2,11,2,2.5,2,2,12,2,1,00410,2510,1
3,22.75,11.0,3,2,12,9,2.5,2,2,7,2,1,00100,809,1
3,34.42,4.25,3,2,8,2,3.25,2,2,2,1,1,00274,610,1
2,28.42,3.5,3,2,14,9,0.835,2,1,0,1,3,00280,0,1
3,67.75,5.5,3,2,6,10,13.0,2,2,1,2,1,00000,0,1
3,20.42,1.835,3,2,3,9,2.25,2,2,1,1,1,00100,150,1
2,47.42,8.0,3,2,6,2,6.5,2,2,6,1,1,00375,51100,1
3,36.25,5.0,3,2,3,2,2.5,2,2,6,1,1,00000,367,1
3,32.67,5.5,3,2,12,5,5.5,2,2,12,2,1,00408,1000,1
3,48.58,6.5,3,2,12,5,6.0,2,1,0,2,1,00350,0,1
3,39.92,0.54,4,4,2,9,0.5,2,2,3,1,1,00200,1000,1
3,33.58,2.75,3,2,11,9,4.25,2,2,6,1,1,00204,0,1
2,18.83,9.5,3,2,14,9,1.625,2,2,6,2,1,00040,600,1
2,26.92,13.5,3,2,12,5,5.0,2,2,2,1,1,00000,5000,1
2,31.25,3.75,3,2,4,5,0.625,2,2,9,2,1,00181,0,1
2,56.50,16.0,3,2,9,4,0.0,2,2,15,1,1,00000,247,1
3,43.00,0.29,4,4,4,5,1.75,2,2,8,1,1,00100,375,1
3,22.33,11.0,3,2,14,9,2.0,2,2,1,1,1,00080,278,1
3,27.25,1.665,3,2,4,5,5.085,2,2,9,1,1,00399,827,1
3,32.83,2.5,3,2,4,5,2.75,2,2,6,1,1,00160,2072,1
3,23.25,1.5,3,2,12,9,2.375,2,2,3,2,1,00000,582,1
2,40.33,7.54,4,4,12,5,8.0,2,2,14,1,1,00000,2300,1
2,30.50,6.5,3,2,3,2,4.0,2,2,7,2,1,00000,3065,1
2,52.83,15.0,3,2,3,9,5.5,2,2,14,1,1,00000,2200,1
2,46.67,0.46,3,2,4,5,0.415,2,2,11,2,1,00440,6,1
2,58.33,10.0,3,2,12,9,4.0,2,2,14,1,1,00000,1602,1
3,37.33,6.5,3,2,11,5,4.25,2,2,12,2,1,00093,0,1
3,23.08,2.5,3,2,3,9,1.085,2,2,11,2,1,00060,2184,1
3,32.75,1.5,3,2,4,5,5.5,2,2,3,2,1,00000,0,1
2,21.67,11.5,4,4,9,6,0.0,2,2,11,2,1,00000,0,1
2,28.50,3.04,4,4,15,5,2.54,2,2,1,1,1,00070,0,1
2,68.67,15.0,3,2,6,10,0.0,2,2,14,1,1,00000,3376,1
3,28.00,2.0,3,2,10,5,4.165,2,2,2,2,1,00181,0,1
3,34.08,0.08,4,4,11,2,0.04,2,2,1,2,1,00280,2000,1
3,27.67,2.0,3,2,15,5,1.0,2,2,4,1,1,00140,7544,1
3,44.00,2.0,3,2,11,9,1.75,2,2,2,2,1,00000,15,1
3,25.08,1.71,3,2,15,9,1.665,2,2,1,2,1,00395,20,1
3,32.00,1.75,4,4,6,5,0.04,2,1,0,2,1,00393,0,1
2,60.58,16.5,3,2,12,9,11.0,2,1,0,2,1,00021,10561,1
2,40.83,10.0,3,2,12,5,1.75,2,1,0,1,1,00029,837,1
3,19.33,9.5,3,2,12,9,1.0,2,1,0,2,1,00060,400,1
2,32.33,0.54,3,2,4,9,0.04,2,1,0,1,1,00440,11177,1
3,36.67,3.25,3,2,12,5,9.0,2,1,0,2,1,00102,639,1
3,37.50,1.125,4,4,5,9,1.5,1,1,0,2,1,00431,0,1
2,25.08,2.54,4,4,2,9,0.25,2,1,0,2,1,00370,0,1
3,41.33,0.0,3,2,3,2,15.0,2,1,0,1,1,00000,0,1
3,56.00,12.5,3,2,10,5,8.0,2,1,0,2,1,00024,2028,1
2,49.83,13.585,3,2,10,5,8.5,2,1,0,2,1,00000,0,1
3,22.67,10.5,3,2,12,5,1.335,2,1,0,1,1,00100,0,1
3,27.00,1.5,4,4,14,9,0.375,2,1,0,2,1,00260,1065,1
3,25.00,12.5,3,2,2,9,3.0,2,1,0,2,3,00020,0,1
2,26.08,8.665,3,2,2,9,1.415,2,1,0,1,1,00160,150,1
2,18.42,9.25,3,2,12,9,1.21,2,2,4,1,1,00060,540,1
3,20.17,8.17,3,2,2,9,1.96,2,2,14,1,1,00060,158,1
3,47.67,0.29,3,2,3,2,15.0,2,2,20,1,1,00000,15000,1
2,21.25,2.335,3,2,8,2,0.5,2,2,4,1,3,00080,0,1
2,20.67,3.0,3,2,12,9,0.165,2,2,3,1,1,00100,6,1
2,57.08,19.5,3,2,3,9,5.5,2,2,7,1,1,00000,3000,1
2,22.42,5.665,3,2,12,9,2.585,2,2,7,1,1,00129,3257,1
3,48.75,8.5,3,2,3,5,12.5,2,2,9,1,1,00181,1655,1
3,40.00,6.5,3,2,2,2,3.5,2,2,1,1,1,00000,500,1
3,40.58,5.0,3,2,3,9,5.0,2,2,7,1,1,00000,3065,1
2,28.67,1.04,3,2,3,9,2.5,2,2,5,2,1,00300,1430,1
2,33.08,4.625,3,2,12,5,1.625,2,2,2,1,1,00000,0,1
3,21.33,10.5,3,2,3,9,3.0,2,1,0,2,1,00000,0,1
3,42.00,0.205,3,2,8,5,5.125,2,1,0,1,1,00400,0,1
3,41.75,0.96,3,2,15,9,2.5,2,1,0,1,1,00510,600,1
3,22.67,1.585,4,4,14,9,3.085,2,2,6,1,1,00080,0,1
3,34.50,4.04,4,4,8,2,8.5,2,2,7,2,1,00195,0,1
3,28.25,5.04,4,4,3,2,1.5,2,2,8,2,1,00144,7,1
3,33.17,3.165,4,4,15,9,3.165,2,2,3,2,1,00380,0,1
3,48.17,7.625,3,2,14,5,15.5,2,2,12,1,1,00000,790,1
3,27.58,2.04,4,4,2,9,2.0,2,2,3,2,1,00370,560,1
3,22.58,10.04,3,2,15,9,0.04,2,2,9,1,1,00060,396,1
2,24.08,0.5,3,2,12,5,1.25,2,2,1,1,1,00000,678,1
2,41.33,1.0,3,2,8,2,2.25,2,1,0,2,1,00000,300,1
3,24.83,2.75,3,2,3,9,2.25,2,2,6,1,1,0,600,1
2,20.75,10.25,3,2,12,9,0.71,2,2,2,2,1,00049,0,1
3,36.33,2.125,4,4,14,9,0.085,2,2,1,1,1,00050,1187,1
2,35.42,12.0,3,2,12,5,14.0,2,2,8,1,1,00000,6590,1
2,71.58,0.0,1,1,1,1,0.0,1,1,0,1,2,0,0,1
3,28.67,9.335,3,2,12,5,5.665,2,2,6,1,1,00381,168,1
3,35.17,2.5,3,2,10,9,4.5,2,2,7,1,1,00150,1270,1
3,39.50,4.25,3,2,3,2,6.5,2,2,16,1,1,00117,1210,1
3,39.33,5.875,3,2,4,5,10.0,2,2,14,2,1,00399,0,1
3,24.33,6.625,4,4,5,9,5.5,2,1,0,2,3,00100,0,1
3,60.08,14.5,3,2,7,4,18.0,2,2,15,2,1,00000,1000,1
3,23.08,11.5,3,2,8,9,3.5,2,2,9,1,1,00056,742,1
3,26.67,2.71,4,4,4,9,5.25,2,2,1,1,1,00211,0,1
3,48.17,3.5,3,2,2,9,3.5,2,1,0,1,3,00230,0,1
3,41.17,4.04,3,2,4,5,7.0,2,2,8,1,1,00320,0,1
3,55.92,11.5,3,2,7,4,5.0,2,2,5,1,1,00000,8851,1
3,53.92,9.625,3,2,6,9,8.665,2,2,5,1,1,00000,0,1
2,18.92,9.25,4,4,3,9,1.0,2,2,4,2,1,00080,500,1
2,50.08,12.54,3,2,2,9,2.29,2,2,3,2,1,00156,0,1
3,65.42,11.0,3,2,6,10,20.0,2,2,7,2,1,00022,0,1
2,17.58,9.0,3,2,2,9,1.375,2,1,0,2,1,00000,0,1
2,18.83,9.54,3,2,2,9,0.085,2,1,0,1,1,00100,0,1
2,37.75,5.5,3,2,12,9,0.125,2,1,0,2,1,00228,0,1
3,23.25,4.0,3,2,3,2,0.25,2,1,0,2,1,00160,0,1
3,18.08,5.5,3,2,10,9,0.5,2,1,0,1,1,00080,0,1
2,22.50,8.46,4,4,15,9,2.46,1,1,0,1,1,00164,0,1
3,19.67,0.375,3,2,12,9,2.0,2,2,2,2,1,00080,0,1
3,22.08,11.0,3,2,4,9,0.665,2,1,0,1,1,00100,0,1
3,25.17,3.5,3,2,4,9,0.625,2,2,7,1,1,00000,7059,1
2,47.42,3.0,3,2,15,9,13.875,2,2,2,2,1,00519,1704,1
3,33.50,1.75,3,2,15,5,4.5,2,2,4,2,1,00253,857,1
3,27.67,13.75,3,2,14,9,5.75,2,1,0,2,1,00487,500,1
2,58.42,21.0,3,2,8,2,10.0,2,2,13,1,1,00000,6700,1
2,20.67,1.835,3,2,12,9,2.085,2,2,5,1,1,00220,2503,1
3,26.17,0.25,3,2,8,2,0.0,2,1,0,2,1,00000,0,1
3,21.33,7.5,3,2,2,9,1.415,2,2,1,1,1,00080,9800,1
3,42.83,4.625,3,2,12,9,4.58,2,1,0,1,3,00000,0,1
3,38.17,10.125,3,2,15,9,2.5,2,2,6,1,1,00520,196,1
3,20.50,10.0,4,4,3,9,2.5,2,1,0,1,3,00040,0,1
3,48.25,25.085,3,2,14,9,1.75,2,2,3,1,1,00120,14,1
3,28.33,5.0,3,2,14,9,11.0,2,1,0,2,1,00070,0,1
2,18.75,7.5,3,2,12,9,2.71,2,2,5,1,1,0,26726,1
3,18.50,2.0,3,2,8,9,1.5,2,2,2,1,1,00120,300,1
3,33.17,3.04,4,4,3,5,2.04,2,2,1,2,1,00180,18027,1
3,45.00,8.5,3,2,4,5,14.0,2,2,1,2,1,00088,2000,1
2,19.67,0.21,3,2,12,5,0.29,2,2,11,1,1,00080,99,1
1,24.50,12.75,3,2,3,2,4.75,2,2,2,1,1,00073,444,1
3,21.83,11.0,3,2,15,9,0.29,2,2,6,1,1,00121,0,1
3,40.25,21.5,3,2,6,10,20.0,2,2,11,1,1,00000,1200,1
3,41.42,5.0,3,2,12,5,5.0,2,2,6,2,1,00470,0,1
2,17.83,11.0,3,2,15,5,1.0,2,2,11,1,1,00000,3000,1
3,23.17,11.125,3,2,15,5,0.46,2,2,1,1,1,00100,0,1
3,0,0.625,3,2,10,9,0.25,1,1,0,1,1,00380,2010,2
3,18.17,10.25,3,2,3,5,1.085,1,1,0,1,1,00320,13,2
3,20.00,11.045,3,2,3,9,2.0,1,1,0,2,1,00136,0,2
3,20.00,0.0,3,2,5,9,0.5,1,1,0,1,1,00144,0,2
2,20.75,9.54,3,2,8,9,0.04,1,1,0,1,1,00200,1000,2
2,24.50,1.75,4,4,3,9,0.165,1,1,0,1,1,00132,0,2
3,32.75,2.335,3,2,5,5,5.75,1,1,0,2,1,00292,0,2
2,52.17,0.0,4,4,7,4,0.0,1,1,0,1,1,00000,0,2
2,48.17,1.335,3,2,8,8,0.335,1,1,0,1,1,00000,120,2
2,20.42,10.5,4,4,15,5,0.0,1,1,0,2,1,00154,32,2
3,50.75,0.585,3,2,7,4,0.0,1,1,0,1,1,00145,0,2
3,17.08,0.085,4,4,3,9,0.04,1,1,0,1,1,00140,722,2
3,18.33,1.21,4,4,6,3,0.0,1,1,0,1,1,00100,0,2
2,32.00,6.0,3,2,5,9,1.25,1,1,0,1,1,00272,0,2
3,59.67,1.54,3,2,12,9,0.125,2,1,0,2,1,00260,0,1
3,18.00,0.165,3,2,12,7,0.21,1,1,0,1,1,00200,40,1
3,37.58,0.0,1,1,1,1,0.0,1,1,0,1,2,0,0,1
3,32.33,2.5,3,2,3,9,1.25,1,1,0,2,1,00280,0,2
3,18.08,6.75,4,4,11,9,0.04,1,1,0,1,1,00140,0,2
3,38.25,10.125,4,4,10,9,0.125,1,1,0,1,1,00160,0,2
3,30.67,2.5,3,2,4,5,2.25,1,1,0,2,3,00340,0,2
3,18.58,5.71,3,2,5,9,0.54,1,1,0,1,1,00120,0,2
2,19.17,5.415,3,2,8,5,0.29,1,1,0,1,1,00080,484,2
2,18.17,10.0,4,4,12,5,0.165,1,1,0,1,1,00340,0,2
3,24.58,13.5,4,4,7,4,0.0,1,1,0,1,1,0,0,2
3,16.25,0.835,3,2,11,9,0.085,2,1,0,1,3,00200,0,2
3,21.17,0.875,4,4,3,5,0.25,1,1,0,1,1,00280,204,2
3,23.92,0.585,4,4,4,5,0.125,1,1,0,1,1,00240,1,2
3,17.67,4.46,3,2,3,9,0.25,1,1,0,1,3,00080,0,2
2,16.50,1.25,3,2,12,9,0.25,1,2,1,1,1,00108,98,2
3,23.25,12.625,3,2,3,9,0.125,1,2,2,1,1,00000,5552,2
3,17.58,10.0,3,2,14,5,0.165,1,2,1,1,1,00120,1,2
2,0,1.5,3,2,7,4,0.0,1,2,2,2,1,00200,105,2
3,29.50,0.58,3,2,14,9,0.29,1,2,1,1,1,00340,2803,2
3,18.83,0.415,4,4,3,9,0.165,1,2,1,1,1,00200,1,2
2,21.75,1.75,4,4,9,6,0.0,1,1,0,1,1,00160,0,2
3,23.00,0.75,3,2,11,9,0.5,1,1,0,2,3,00320,0,2
2,18.25,10.0,3,2,14,9,1.0,1,2,1,1,1,00120,1,2
3,25.42,0.54,3,2,14,9,0.165,1,2,1,1,1,00272,444,2
3,35.75,2.415,3,2,14,9,0.125,1,2,2,1,1,00220,1,2
2,16.08,0.335,3,2,7,4,0.0,1,2,1,1,1,00160,126,2
2,31.92,3.125,3,2,7,4,3.04,1,2,2,2,1,00200,4,2
3,69.17,9.0,3,2,7,4,4.0,1,2,1,1,1,00070,6,2
3,32.92,2.5,3,2,2,9,1.75,1,2,2,2,1,00720,0,2
3,16.33,2.75,3,2,2,9,0.665,1,2,1,1,1,00080,21,2
3,22.17,12.125,3,2,3,9,3.335,1,2,2,2,1,00180,173,2
2,57.58,2.0,3,2,7,4,6.5,1,2,1,1,1,00000,10,2
3,18.25,0.165,3,2,5,9,0.25,1,1,0,2,3,00280,0,2
3,23.42,1.0,3,2,3,9,0.5,1,1,0,2,3,00280,0,2
2,15.92,2.875,3,2,12,9,0.085,1,1,0,1,1,00120,0,2
2,24.75,13.665,3,2,12,5,1.5,1,1,0,1,1,00280,1,2
3,48.75,26.335,4,4,7,4,0.0,2,1,0,2,1,00000,0,2
3,23.50,2.75,3,2,7,4,4.5,1,1,0,1,1,00160,25,2
3,18.58,10.29,3,2,7,4,0.415,1,1,0,1,1,00080,0,2
3,27.75,1.29,3,2,10,5,0.25,1,1,0,2,3,00140,0,2
2,31.75,3.0,4,4,9,6,0.0,1,1,0,1,1,00160,20,2
2,24.83,4.5,3,2,14,9,1.0,1,1,0,2,1,00360,6,2
3,19.00,1.75,4,4,3,9,2.335,1,1,0,2,1,00112,6,2
2,16.33,0.21,3,2,2,9,0.125,1,1,0,1,1,00200,1,2
2,18.58,10.0,3,2,5,9,0.415,1,1,0,1,1,00080,42,2
3,16.25,0.0,4,4,2,9,0.25,1,1,0,1,1,00060,0,2
3,23.00,0.75,3,2,11,9,0.5,2,1,0,2,3,00320,0,2
3,21.17,0.25,4,4,3,5,0.25,1,1,0,1,1,00280,204,2
3,17.50,22.0,2,3,7,8,0.0,1,1,0,2,2,00450,100000,1
3,19.17,0.0,4,4,11,2,0.0,1,1,0,2,3,00500,1,1
3,36.75,0.125,4,4,3,9,1.5,1,1,0,2,1,00232,113,1
3,21.25,1.5,3,2,14,9,1.5,1,1,0,1,1,00150,8,1
2,18.08,0.375,2,3,4,4,10.0,1,1,0,2,3,00300,0,1
2,33.67,0.375,3,2,4,9,0.375,1,1,0,1,1,00300,44,1
3,48.58,0.205,4,4,10,9,0.25,2,2,11,1,1,00380,2732,1
3,33.67,1.25,3,2,14,9,1.165,1,1,0,1,1,00120,0,2
2,29.50,1.085,4,4,15,9,1.0,1,1,0,1,1,00280,13,2
3,30.17,1.085,4,4,3,9,0.04,1,1,0,1,1,00170,179,2
1,40.83,3.5,3,2,8,2,0.5,1,1,0,1,3,01160,0,2
3,34.83,2.5,4,4,14,9,3.0,1,1,0,1,3,00200,0,2
3,0,4.0,4,4,8,9,0.085,1,1,0,2,1,00411,0,2
3,20.42,0.0,1,1,1,1,0.0,1,1,0,1,2,0,0,2
2,33.25,2.5,4,4,3,9,2.5,1,1,0,2,1,00000,2,2
3,34.08,2.5,3,2,3,9,1.0,1,1,0,1,1,00460,16,2
2,25.25,12.5,3,2,5,9,1.0,1,1,0,2,1,00180,1062,2
3,34.75,2.5,3,2,4,2,0.5,1,1,0,1,1,00348,0,2
3,27.67,0.75,3,2,12,5,0.165,1,1,0,2,1,00220,251,2
3,47.33,6.5,3,2,3,9,1.0,1,1,0,2,1,00000,228,2
2,34.83,1.25,4,4,8,5,0.5,1,1,0,2,1,00160,0,2
2,33.25,3.0,4,4,2,9,2.0,1,1,0,1,1,00180,0,2
3,28.00,3.0,3,2,14,9,0.75,1,1,0,2,1,00300,67,2
2,39.08,4.0,3,2,3,9,3.0,1,1,0,1,1,00480,0,2
3,42.75,4.085,3,2,2,9,0.04,1,1,0,1,1,00108,100,2
3,26.92,2.25,3,2,8,2,0.5,1,1,0,2,1,00640,4000,2
3,33.75,2.75,3,2,8,2,0.0,1,1,0,1,1,00180,0,2
3,38.92,1.75,3,2,10,9,0.5,1,1,0,2,1,00300,2,2
3,62.75,7.0,3,2,6,10,0.0,1,1,0,1,1,00000,12,2
1,32.25,1.5,3,2,3,9,0.25,1,1,0,2,1,00372,122,2
3,26.75,4.5,4,4,3,2,2.5,1,1,0,1,1,00200,1210,2
3,63.33,0.54,3,2,3,9,0.585,2,2,3,2,1,00180,0,2
3,27.83,1.5,3,2,14,9,2.25,1,2,1,2,1,00100,3,2
2,26.17,2.0,3,2,9,6,0.0,1,1,0,2,1,00276,1,2
3,22.17,0.585,4,4,7,4,0.0,1,1,0,1,1,00100,0,2
3,22.50,11.5,4,4,11,9,1.5,1,1,0,2,1,00000,4000,2
3,30.75,1.585,3,2,5,9,0.585,1,1,0,2,3,00000,0,2
3,36.67,2.0,3,2,8,9,0.25,1,1,0,2,1,00221,0,2
2,16.00,0.165,3,2,2,9,1.0,1,2,2,2,1,00320,1,2
3,41.17,1.335,3,2,5,9,0.165,1,1,0,1,1,00168,0,2
2,19.50,0.165,3,2,12,9,0.04,1,1,0,2,1,00380,0,2
3,32.42,3.0,3,2,5,9,0.165,1,1,0,2,1,00120,0,2
2,36.75,4.71,3,2,7,4,0.0,1,1,0,1,1,00160,0,2
2,30.25,5.5,3,2,10,9,5.5,1,1,0,2,3,00100,0,2
3,23.08,2.5,3,2,7,4,0.085,1,1,0,2,1,00100,4208,2
3,26.83,0.54,3,2,10,4,0.0,1,1,0,1,1,00100,0,2
3,16.92,0.335,4,4,10,9,0.29,1,1,0,1,3,00200,0,2
3,24.42,2.0,3,2,6,3,0.165,1,2,2,1,1,00320,1300,2
3,42.83,1.25,3,2,11,9,13.875,1,2,1,2,1,00352,112,2
2,22.75,6.165,3,2,2,9,0.165,1,1,0,1,1,00220,1000,2
3,39.42,1.71,4,4,11,9,0.165,1,1,0,1,3,00400,0,2
2,23.58,11.5,4,4,10,5,3.0,1,1,0,2,1,00020,16,2
3,21.42,0.75,4,4,13,7,0.75,1,1,0,2,1,00132,2,2
3,33.00,2.5,4,4,14,9,7.0,1,1,0,2,1,00280,0,2
3,26.33,13.0,3,2,6,3,0.0,1,1,0,2,1,00140,1110,2
2,45.00,4.585,3,2,10,5,1.0,1,1,0,2,3,00240,0,2
3,26.25,1.54,3,2,14,9,0.125,1,1,0,1,1,00100,0,2
1,28.17,0.585,3,2,2,9,0.04,1,1,0,1,1,00260,1004,2
2,20.83,0.5,4,4,6,3,1.0,1,1,0,1,1,00260,0,2
3,28.67,14.5,3,2,5,9,0.125,1,1,0,1,1,00000,286,2
3,20.67,0.835,4,4,3,9,2.0,1,1,0,2,3,00240,0,2
3,34.42,1.335,3,2,8,2,0.125,1,1,0,2,1,00440,4500,2
3,33.58,0.25,3,2,8,2,4.0,1,1,0,2,3,00420,0,2
3,43.17,5.0,3,2,8,2,2.25,1,1,0,2,1,00141,0,2
2,22.67,7.0,3,2,3,9,0.165,1,1,0,1,1,00160,0,2
2,24.33,2.5,4,4,8,2,4.5,1,1,0,1,1,00200,456,2
2,56.83,4.25,4,4,7,4,5.0,1,1,0,2,1,00000,4,2
3,22.08,11.46,3,2,10,9,1.585,1,1,0,2,1,00100,1212,2
3,34.00,5.5,4,4,3,9,1.5,1,1,0,2,1,00060,0,2
3,22.58,1.5,4,4,2,9,0.54,1,1,0,2,1,00120,67,2
3,21.17,0.0,3,2,3,9,0.5,1,1,0,2,3,00000,0,2
3,26.67,14.585,3,2,8,2,0.0,1,1,0,2,1,00178,0,2
3,22.92,0.17,3,2,11,9,0.085,1,1,0,1,3,00000,0,2
3,15.17,7.0,3,2,6,9,1.0,1,1,0,1,1,00600,0,2
3,39.92,5.0,3,2,8,2,0.21,1,1,0,1,1,00550,0,2
3,27.42,12.5,3,2,2,2,0.25,1,1,0,2,1,00720,0,2
3,24.75,0.54,3,2,11,9,1.0,1,1,0,2,1,00120,1,2
3,41.17,1.25,4,4,14,9,0.25,1,1,0,1,1,00000,195,2
2,33.08,1.625,3,2,5,9,0.54,1,1,0,2,1,00000,0,2
3,29.83,2.04,4,4,15,5,0.04,1,1,0,1,1,00128,1,2
2,23.58,0.585,4,4,7,4,0.125,1,1,0,1,1,00120,87,2
3,26.17,12.5,4,4,10,5,1.25,1,1,0,2,1,00000,17,2
3,31.00,2.085,3,2,3,9,0.085,1,1,0,1,1,00300,0,2
3,20.75,5.085,4,4,9,9,0.29,1,1,0,1,1,00140,184,2
3,28.92,0.375,3,2,3,9,0.29,1,1,0,1,1,00220,140,2
2,51.92,6.5,3,2,8,2,3.085,1,1,0,2,1,00073,0,2
2,22.67,0.335,3,2,12,9,0.75,1,1,0,1,3,00160,0,2
3,34.00,5.085,4,4,8,2,1.085,1,1,0,2,1,00480,0,2
2,69.50,6.0,3,2,7,4,0.0,1,1,0,1,3,00000,0,2
2,40.33,8.125,4,4,10,9,0.165,1,2,2,1,1,0,18,2
2,19.58,0.665,4,4,3,9,1.0,1,2,1,1,1,02000,2,2
3,16.00,3.125,3,2,14,9,0.085,1,2,1,1,1,00000,6,2
3,17.08,0.25,3,2,12,9,0.335,1,2,4,1,1,00160,8,2
3,31.25,2.835,3,2,7,4,0.0,1,2,5,1,1,00176,146,2
3,25.17,3.0,3,2,3,9,1.25,1,2,1,1,1,00000,22,2
2,22.67,0.79,3,2,8,9,0.085,1,1,0,1,1,00144,0,2
3,40.58,1.5,3,2,8,2,0.0,1,1,0,1,3,00300,0,2
3,22.25,0.46,3,2,10,9,0.125,1,1,0,2,1,00280,55,2
2,22.25,1.25,4,4,7,4,3.25,1,1,0,1,1,00280,0,2
3,22.50,0.125,4,4,10,9,0.125,1,1,0,1,1,00200,70,2
3,23.58,1.79,3,2,3,9,0.54,1,1,0,2,1,00136,1,2
3,38.42,0.705,3,2,3,9,0.375,1,2,2,1,1,00225,500,2
2,26.58,2.54,4,4,7,4,0.0,1,1,0,2,1,00180,60,2
3,35.00,2.5,3,2,8,9,1.0,1,1,0,2,1,00210,0,2
3,20.42,1.085,3,2,12,9,1.5,1,1,0,1,1,00108,7,2
3,29.42,1.25,3,2,14,9,1.75,1,1,0,1,1,00200,0,2
3,26.17,0.835,3,2,4,9,1.165,1,1,0,1,1,00100,0,2
3,33.67,2.165,3,2,3,9,1.5,1,1,0,1,2,00120,0,2
3,24.58,1.25,3,2,3,9,0.25,1,1,0,1,1,00110,0,2
2,27.67,2.04,3,2,14,9,0.25,1,1,0,2,1,00180,50,2
3,37.50,0.835,3,2,6,9,0.04,1,1,0,1,1,00120,5,2
3,49.17,2.29,3,2,7,4,0.29,1,1,0,1,1,00200,3,2
3,33.58,0.335,4,4,4,9,0.085,1,1,0,1,1,00180,0,2
3,51.83,3.0,4,4,7,4,1.5,1,1,0,1,1,00180,4,2
3,22.92,3.165,4,4,3,9,0.165,1,1,0,1,1,00160,1058,2
3,21.83,1.54,3,2,10,9,0.085,1,1,0,2,1,00356,0,2
3,25.25,1.0,3,2,2,9,0.5,1,1,0,1,1,00200,0,2
3,58.58,2.71,3,2,3,9,2.415,1,1,0,2,1,00320,0,2
3,19.00,0.0,4,4,7,4,0.0,1,2,4,1,1,00045,1,2
3,19.58,0.585,3,2,7,4,0.0,1,2,3,1,1,00350,769,2
2,53.33,0.165,3,2,7,4,0.0,1,1,0,2,3,00062,27,2
2,27.17,1.25,3,2,7,4,0.0,1,2,1,1,1,00092,300,2
3,25.92,0.875,3,2,10,9,0.375,1,2,2,2,1,00174,3,2
3,23.08,0.0,3,2,10,9,1.0,1,2,11,1,3,00000,0,2
3,39.58,5.0,3,2,7,4,0.0,1,2,2,1,1,00017,1,2
3,30.58,2.71,4,4,11,9,0.125,1,1,0,2,3,00080,0,2
3,17.25,3.0,3,2,10,9,0.04,1,1,0,2,1,00160,40,2
2,17.67,0.0,4,4,9,4,0.0,1,1,0,1,1,00086,0,2
2,0,11.25,3,2,7,4,0.0,1,1,0,1,1,0,5200,2
3,16.50,0.125,3,2,3,9,0.165,1,1,0,1,1,00132,0,2
2,27.33,1.665,3,2,7,4,0.0,1,1,0,1,1,00340,1,2
3,31.25,1.125,3,2,7,4,0.0,1,2,1,1,1,00096,19,2
3,20.00,7.0,3,2,3,9,0.5,1,1,0,1,1,00000,0,2
3,0,3.0,4,4,8,2,7.0,1,1,0,1,1,00000,1,2
3,39.50,1.625,3,2,3,9,1.5,1,1,0,1,1,00000,316,2
3,36.50,4.25,3,2,12,9,3.5,1,1,0,1,1,00454,50,2
1,29.75,0.665,3,2,14,9,0.25,1,1,0,2,1,00300,0,2
3,52.42,1.5,3,2,5,9,3.75,1,1,0,2,1,00000,350,2
3,36.17,18.125,3,2,14,9,0.085,1,1,0,1,1,00320,3552,2
3,34.58,0.0,1,1,1,1,0.0,1,1,0,1,2,0,0,2
3,29.67,0.75,4,4,3,9,0.04,1,1,0,1,1,00240,0,2
3,36.17,5.5,3,2,8,2,5.0,1,1,0,1,1,00210,687,2
3,25.67,0.29,4,4,3,9,1.5,1,1,0,2,1,00160,0,2
2,24.50,2.415,4,4,3,9,0.0,1,1,0,1,1,00120,0,2
3,24.08,0.875,3,2,11,9,0.085,1,2,4,1,1,00254,1950,2
3,21.92,0.5,3,2,3,9,0.125,1,1,0,1,1,00360,0,2
2,36.58,0.29,3,2,7,4,0.0,1,2,10,1,1,00200,18,2
2,23.00,1.835,3,2,9,6,0.0,1,2,1,1,1,00200,53,2
2,27.58,3.0,3,2,11,9,2.79,1,2,1,2,1,00280,10,2
3,31.08,3.085,3,2,3,9,2.5,1,2,2,2,1,00160,41,2
2,30.42,1.375,3,2,14,5,0.04,1,2,3,1,1,00000,33,2
3,22.08,2.335,3,2,10,9,0.75,1,1,0,1,1,00180,0,2
3,16.33,4.085,3,2,8,5,0.415,1,1,0,2,1,00120,0,2
2,21.92,11.665,3,2,10,5,0.085,1,1,0,1,1,00320,5,2
3,21.08,4.125,4,4,8,5,0.04,1,1,0,1,1,00140,100,2
3,17.42,6.5,3,2,8,9,0.125,1,1,0,1,1,00060,100,2
3,19.17,4.0,4,4,8,9,1.0,1,1,0,2,1,00360,1000,2
3,20.67,0.415,3,2,3,9,0.125,1,1,0,1,1,00000,44,2
3,26.75,2.0,3,2,5,9,0.75,1,1,0,2,1,00080,0,2
3,23.58,0.835,3,2,8,5,0.085,1,1,0,2,1,00220,5,2
3,39.17,2.5,4,4,8,5,10.0,1,1,0,2,3,00200,0,2
3,22.75,11.5,3,2,8,9,0.415,1,1,0,1,1,00000,0,2
1,26.50,2.71,4,4,1,1,0.085,1,1,0,1,3,00080,0,2
2,16.92,0.5,3,2,8,9,0.165,1,2,6,2,1,00240,35,2
3,23.50,3.165,4,4,10,9,0.415,1,2,1,2,1,00280,80,2
2,17.33,9.5,3,2,2,9,1.75,1,2,10,2,1,00000,10,2
3,23.75,0.415,4,4,3,9,0.04,1,2,2,1,1,00128,6,2
3,34.67,1.08,3,2,11,9,1.165,1,1,0,1,3,00028,0,2
3,74.83,19.0,4,4,7,4,0.04,1,2,2,1,1,00000,351,2
3,28.17,0.125,4,4,10,9,0.085,1,1,0,1,1,00216,2100,2
3,24.50,13.335,4,4,2,9,0.04,1,1,0,2,1,00120,475,2
3,18.83,3.54,4,4,7,4,0.0,1,1,0,2,1,00180,1,2
1,45.33,1.0,3,2,12,9,0.125,1,1,0,2,1,00263,0,2
2,47.25,0.75,3,2,12,5,2.75,2,2,1,1,1,00333,892,1
3,24.17,0.875,3,2,12,9,4.625,2,2,2,2,1,00520,2000,1
3,39.25,9.5,3,2,11,9,6.5,2,2,14,1,1,00240,4607,1
2,20.50,11.835,3,2,3,5,6.0,2,1,0,1,1,00340,0,1
2,18.83,4.415,4,4,3,5,3.0,2,1,0,1,1,00240,0,1
3,19.17,9.5,3,2,14,9,1.5,2,1,0,1,1,00120,2206,1
2,25.00,0.875,3,2,15,5,1.04,2,1,0,2,1,00160,5860,1
3,20.17,9.25,3,2,3,9,1.665,2,2,3,2,1,00040,28,1
3,25.75,0.5,3,2,3,9,1.46,2,2,5,2,1,00312,0,1
3,20.42,7.0,3,2,3,9,1.625,2,2,3,1,1,00200,1391,1
3,0,4.0,3,2,15,9,5.0,2,2,3,2,1,00290,2279,1
3,39.00,5.0,3,2,4,9,3.5,2,2,10,2,1,00000,0,1
2,64.08,0.165,3,2,7,4,0.0,2,2,1,1,1,00232,100,1
3,28.25,5.125,3,2,15,9,4.75,2,2,2,1,1,00420,7,1
2,28.75,3.75,3,2,3,9,1.085,2,2,1,2,1,00371,0,1
3,31.33,19.5,3,2,3,9,7.0,2,2,16,1,1,00000,5000,1
2,18.92,9.0,3,2,2,9,0.75,2,2,2,1,1,00088,591,1
2,24.75,3.0,3,2,12,5,1.835,2,2,19,1,1,00000,500,1
2,30.67,12.0,3,2,3,9,2.0,2,2,1,1,1,00220,19,1
3,21.00,4.79,4,4,14,9,2.25,2,2,1,2,1,00080,300,1
3,13.75,4.0,4,4,14,9,1.75,2,2,2,2,1,00120,1000,1
2,46.00,4.0,3,2,9,6,0.0,2,1,0,1,1,00100,960,1
2,44.33,0.0,3,2,3,9,2.5,2,1,0,1,1,00000,0,1
3,20.25,9.96,3,2,6,3,0.0,2,1,0,1,1,00000,0,1
3,22.67,2.54,4,4,3,5,2.585,2,1,0,1,1,00000,0,1
3,0,10.5,3,2,15,9,6.5,2,1,0,1,1,00000,0,1
2,60.92,5.0,3,2,2,9,4.0,2,2,4,1,1,00000,99,1
3,16.08,0.75,3,2,3,9,1.75,2,2,5,2,1,00352,690,1
2,28.17,0.375,3,2,12,9,0.585,2,2,4,1,1,00080,0,1
3,39.17,1.71,3,2,15,9,0.125,2,2,5,2,1,00480,0,1
1,20.42,7.5,3,2,10,9,1.5,2,2,1,1,1,00160,234,1
2,30.00,5.29,3,2,6,3,2.25,2,2,5,2,1,00099,500,1
3,22.83,3.0,3,2,11,9,1.29,2,2,1,1,1,00260,800,1
2,22.50,8.5,3,2,12,9,1.75,2,2,10,1,1,00080,990,2
2,28.58,1.665,3,2,12,9,2.415,2,1,0,2,1,00440,0,2
3,45.17,1.5,3,2,3,9,2.5,2,1,0,2,1,00140,0,2
3,41.58,1.75,3,2,10,9,0.21,2,1,0,1,1,00160,0,2
2,57.08,0.335,3,2,8,2,1.0,2,1,0,2,1,00252,2197,2
2,55.75,7.08,3,2,10,5,6.75,2,2,3,2,1,00100,50,2
3,43.25,25.21,3,2,12,5,0.21,2,2,1,1,1,00760,90,2
2,25.33,2.085,3,2,3,5,2.75,2,1,0,2,1,00360,1,2
2,24.58,0.67,3,2,2,5,1.75,2,1,0,1,1,00400,0,2
3,43.17,2.25,3,2,8,2,0.75,2,1,0,1,1,00560,0,2
3,40.92,0.835,3,2,7,4,0.0,2,1,0,1,1,00130,1,2
3,31.83,2.5,3,2,2,9,7.5,2,1,0,2,1,00523,0,2
2,33.92,1.585,4,4,7,4,0.0,2,1,0,1,1,00320,0,2
2,24.92,1.25,3,2,7,4,0.0,2,1,0,1,1,00080,0,2
3,35.25,3.165,3,2,15,5,3.75,2,1,0,2,1,00680,0,2
3,34.25,1.75,3,2,14,2,0.25,2,1,0,2,1,00163,0,2
3,80.25,5.5,3,2,1,1,0.54,2,1,0,1,1,00000,340,2
3,19.42,1.5,4,4,4,9,2.0,2,1,0,2,1,00100,20,2
3,42.75,3.0,3,2,8,2,1.0,2,1,0,1,1,00000,200,2
3,19.67,10.0,4,4,10,5,0.835,2,1,0,2,1,00140,0,2
3,36.33,3.79,3,2,14,9,1.165,2,1,0,2,1,00200,0,2
3,30.08,1.04,4,4,8,2,0.5,2,2,10,2,1,00132,28,2
3,44.25,11.0,4,4,5,9,1.5,2,1,0,1,3,00000,0,2
3,23.58,0.46,4,4,14,9,2.625,2,2,6,2,1,00208,347,2
3,23.92,1.5,3,2,5,5,1.875,2,2,6,1,1,00200,327,1
3,33.17,1.0,3,2,15,9,0.75,2,2,7,2,1,00340,4071,1
3,48.33,12.0,3,2,11,9,16.0,2,1,0,1,3,00110,0,1
3,76.75,22.29,3,2,6,10,12.75,2,2,1,2,1,00000,109,1
3,51.33,10.0,3,2,8,2,0.0,2,2,11,1,1,00000,1249,1
3,34.75,15.0,3,2,13,7,5.375,2,2,9,2,1,00000,134,1
3,38.58,3.335,3,2,14,9,4.0,2,2,14,1,1,00383,1344,1
2,22.42,11.25,4,4,15,5,0.75,2,2,4,1,1,00000,321,1
3,41.92,0.42,3,2,3,5,0.21,2,2,6,1,1,00220,948,1
3,29.58,4.5,3,2,14,9,7.5,2,2,2,2,1,00330,0,1
2,32.17,1.46,3,2,14,9,1.085,2,2,16,1,1,00120,2079,1
3,51.42,0.04,3,2,15,5,0.04,2,1,0,1,1,00000,3000,1
2,22.83,2.29,3,2,12,5,2.29,2,2,7,2,1,00140,2384,1
2,25.00,12.33,3,2,4,5,3.5,2,2,6,1,1,00400,458,1
3,26.75,1.125,3,2,15,5,1.25,2,1,0,1,1,00000,5298,1
3,23.33,1.5,3,2,3,5,1.415,2,1,0,1,1,00422,200,1
3,24.42,12.335,3,2,12,5,1.585,2,1,0,2,1,00120,0,1
3,42.17,5.04,3,2,12,5,12.75,2,1,0,2,1,00092,0,1
2,20.83,3.0,3,2,2,9,0.04,2,1,0,1,1,00100,0,1
3,23.08,11.5,3,2,14,5,2.125,2,2,11,2,1,00290,284,1
2,25.17,2.875,3,2,15,5,0.875,2,1,0,1,1,00360,0,1
3,43.08,0.375,4,4,3,9,0.375,2,2,8,2,1,00300,162,1
2,35.75,0.915,3,2,2,9,0.75,2,2,4,1,1,00000,1583,1
3,59.50,2.75,3,2,14,9,1.75,2,2,5,2,1,00060,58,1
3,21.00,3.0,4,4,5,9,1.085,2,2,8,2,1,00160,1,1
3,21.92,0.54,4,4,15,9,0.04,2,2,1,2,1,00840,59,1
2,65.17,14.0,3,2,7,4,0.0,2,2,11,2,1,00000,1400,1
2,20.33,10.0,3,2,3,5,1.0,2,2,4,1,1,00050,1465,1
3,32.25,0.165,4,4,3,5,3.25,2,2,1,2,1,00432,8000,1
3,30.17,0.5,3,2,3,9,1.75,2,2,11,1,1,00032,540,1
3,25.17,6.0,3,2,3,9,1.0,2,2,3,1,1,00000,0,1
3,39.17,1.625,3,2,3,9,1.5,2,2,10,1,1,00186,4700,1
3,39.08,6.0,3,2,11,9,1.29,2,2,5,2,1,00108,1097,1
3,31.67,0.83,3,2,15,9,1.335,2,2,8,2,1,00303,3290,1
3,41.00,0.04,3,2,6,9,0.04,1,2,1,1,3,00560,0,1
3,48.50,4.25,3,2,11,9,0.125,2,1,0,2,1,00225,0,1
3,32.67,9.0,4,4,14,5,5.25,2,1,0,2,1,00154,0,1
2,28.08,15.0,4,4,6,10,0.0,2,1,0,1,1,00000,13212,1
3,73.42,17.75,3,2,7,4,0.0,2,1,0,2,1,00000,0,1
3,64.08,20.0,3,2,15,5,17.5,2,2,9,2,1,00000,1000,1
3,51.58,15.0,3,2,3,9,8.5,2,2,9,1,1,00000,0,1
3,26.67,1.75,4,4,3,9,1.0,2,2,5,2,1,00160,5777,1
3,25.33,0.58,3,2,3,9,0.29,2,2,7,2,1,00096,5124,1
3,30.17,6.5,3,2,4,9,3.125,2,2,8,1,1,00330,1200,1
3,27.00,0.75,3,2,3,5,4.25,2,2,3,2,1,00312,150,1
3,23.17,0.0,1,1,1,1,0.0,1,1,0,1,2,0,0,1
3,34.17,5.25,3,2,14,9,0.085,1,1,0,2,1,00290,6,1
3,38.67,0.21,3,2,10,9,0.085,2,1,0,2,1,00280,0,1
3,25.75,0.75,3,2,3,2,0.25,2,1,0,1,1,00349,23,1
2,46.08,3.0,3,2,3,9,2.375,2,2,8,2,1,00396,4159,1
2,21.50,6.0,3,2,2,9,2.5,2,2,3,1,1,00080,918,1
1,20.08,0.125,3,2,12,9,1.0,1,2,1,1,1,00240,768,1
3,20.50,2.415,3,2,3,9,2.0,2,2,11,2,1,00200,3000,1
2,29.50,0.46,3,2,10,9,0.54,2,2,4,1,1,00380,500,1
1,42.25,1.75,4,4,1,1,0.0,1,1,0,2,1,00150,1,2
3,29.83,1.25,4,4,10,9,0.25,1,1,0,1,1,00224,0,2
3,20.08,0.25,3,2,12,9,0.125,1,1,0,1,1,00200,0,2
3,23.42,0.585,3,2,3,5,0.085,2,1,0,1,1,00180,0,2
2,29.58,1.75,4,4,10,9,1.25,1,1,0,2,1,00280,0,2
3,16.17,0.04,3,2,3,9,0.04,1,1,0,1,1,00000,0,1
3,32.33,3.5,3,2,10,9,0.5,1,1,0,2,1,00232,0,2
3,0,0.04,4,4,5,9,4.25,1,1,0,2,1,00460,0,2
3,47.83,4.165,3,2,15,2,0.085,1,1,0,2,1,00520,0,2
3,20.00,1.25,4,4,10,9,0.125,1,1,0,1,1,00140,4,2
3,27.58,3.25,4,4,12,5,5.085,1,2,2,2,1,00369,1,2
3,22.00,0.79,3,2,14,9,0.29,1,2,1,1,1,00420,283,2
3,19.33,10.915,3,2,3,2,0.585,1,2,2,2,1,00200,7,2
2,38.33,4.415,3,2,3,9,0.125,1,1,0,1,1,00160,0,2
3,29.42,1.25,3,2,3,5,0.25,1,2,2,2,1,00400,108,2
3,22.67,0.75,3,2,8,9,1.585,1,2,1,2,1,00400,9,2
3,32.25,14.0,4,4,7,4,0.0,1,2,2,1,1,00160,1,2
3,29.58,4.75,3,2,11,9,2.0,1,2,1,2,1,00460,68,2
3,18.42,10.415,4,4,2,9,0.125,2,1,0,1,1,00120,375,2
3,22.17,2.25,3,2,8,9,0.125,1,1,0,1,1,00160,10,2
3,22.67,0.165,3,2,3,6,2.25,1,1,0,2,3,00000,0,1
2,25.58,0.0,1,1,1,1,0.0,1,1,0,1,2,0,0,1
3,18.83,0.0,3,2,12,9,0.665,1,1,0,1,1,00160,1,2
3,21.58,0.79,4,4,4,9,0.665,1,1,0,1,1,00160,0,2
3,23.75,12.0,3,2,3,9,2.085,1,1,0,1,3,00080,0,2
3,22.00,7.835,4,4,8,2,0.165,1,1,0,2,1,0,0,2
3,36.08,2.54,3,2,7,4,0.0,1,1,0,1,1,00000,1000,2
3,29.25,13.0,3,2,5,5,0.5,1,1,0,1,1,00228,0,2
2,19.58,0.665,3,2,14,9,1.665,1,1,0,1,1,00220,5,2
2,22.92,1.25,3,2,12,9,0.25,1,1,0,2,1,00120,809,2
2,27.25,0.29,3,2,11,5,0.125,1,2,1,2,1,00272,108,2
2,38.75,1.5,3,2,7,4,0.0,1,1,0,1,1,00076,0,2
3,32.42,2.165,4,4,10,4,0.0,1,1,0,1,1,00120,0,2
2,23.75,0.71,3,2,14,9,0.25,1,2,1,2,1,00240,4,2
3,18.17,2.46,3,2,3,7,0.96,1,2,2,2,1,00160,587,2
3,40.92,0.5,4,4,11,9,0.5,1,1,0,2,1,00130,0,2
3,19.50,9.585,3,2,2,9,0.79,1,1,0,1,1,00080,350,2
3,28.58,3.625,3,2,2,9,0.25,1,1,0,2,1,00100,0,2
3,35.58,0.75,3,2,10,9,1.5,1,1,0,2,1,00231,0,2
3,34.17,2.75,3,2,8,2,2.5,1,1,0,2,1,00232,200,2
1,33.17,2.25,4,4,4,9,3.5,1,1,0,2,1,00200,141,2
3,31.58,0.75,4,4,2,9,3.5,1,1,0,2,1,00320,0,2
2,52.50,7.0,3,2,2,5,3.0,1,1,0,1,1,00000,0,2
3,36.17,0.42,4,4,14,9,0.29,1,1,0,2,1,00309,2,2
3,37.33,2.665,3,2,4,9,0.165,1,1,0,2,1,00000,501,2
2,20.83,8.5,3,2,3,9,0.165,1,1,0,1,1,00000,351,2
3,24.08,9.0,3,2,2,9,0.25,1,1,0,2,1,00000,0,2
3,25.58,0.335,3,2,10,5,3.5,1,1,0,2,1,00340,0,2
2,35.17,3.75,3,2,7,4,0.0,1,2,6,1,1,00000,200,2
3,48.08,3.75,3,2,8,2,1.0,1,1,0,1,1,00100,2,2
2,15.83,7.625,3,2,12,9,0.125,1,2,1,2,1,00000,160,2
2,22.50,0.415,3,2,8,9,0.335,1,1,0,2,3,00144,0,2
3,21.50,11.5,3,2,8,9,0.5,2,1,0,2,1,00100,68,2
2,23.58,0.83,3,2,12,9,0.415,1,2,1,2,1,00200,11,2
2,21.08,5.0,4,4,7,4,0.0,1,1,0,1,1,00000,0,2
3,25.67,3.25,3,2,3,5,2.29,1,2,1,2,1,00416,21,2
2,38.92,1.665,3,2,2,9,0.25,1,1,0,1,1,00000,390,2
2,15.75,0.375,3,2,3,9,1.0,1,1,0,1,1,00120,18,2
2,28.58,3.75,3,2,3,9,0.25,1,2,1,2,1,00040,154,2
3,22.25,9.0,3,2,2,9,0.085,1,1,0,1,1,00000,0,2
3,29.83,3.5,3,2,3,9,0.165,1,1,0,1,1,00216,0,2
2,23.50,1.5,3,2,14,9,0.875,1,1,0,2,1,00160,0,2
3,32.08,4.0,4,4,4,9,1.5,1,1,0,2,1,00120,0,2
3,31.08,1.5,4,4,14,9,0.04,1,1,0,1,3,00160,0,2
3,31.83,0.04,4,4,11,9,0.04,1,1,0,1,1,00000,0,2
2,21.75,11.75,3,2,3,9,0.25,1,1,0,2,1,00180,0,2
2,17.92,0.54,3,2,3,9,1.75,1,2,1,2,1,00080,5,2
3,30.33,0.5,3,2,5,5,0.085,1,1,0,2,3,00252,0,2
3,51.83,2.04,4,4,7,4,1.5,1,1,0,1,1,00120,1,2
3,47.17,5.835,3,2,14,9,5.5,1,1,0,1,1,00465,150,2
3,25.83,12.835,3,2,4,9,0.5,1,1,0,1,1,00000,2,2
2,50.25,0.835,3,2,2,9,0.5,1,1,0,2,1,00240,117,2
1,29.50,2.0,4,4,6,5,2.0,1,1,0,1,1,00256,17,2
2,37.33,2.5,3,2,8,5,0.21,1,1,0,1,1,00260,246,2
2,41.58,1.04,3,2,2,9,0.665,1,1,0,1,1,00240,237,2
2,30.58,10.665,3,2,12,5,0.085,1,2,12,2,1,00129,3,2
3,19.42,7.25,3,2,11,9,0.04,1,2,1,1,1,00100,1,2
2,17.92,10.21,3,2,7,4,0.0,1,1,0,1,1,00000,50,2
2,20.08,1.25,3,2,3,9,0.0,1,1,0,1,1,00000,0,2
3,19.50,0.29,3,2,10,9,0.29,1,1,0,1,1,00280,364,2
3,27.83,1.0,4,4,5,5,3.0,1,1,0,1,1,00176,537,2
3,17.08,3.29,3,2,8,9,0.335,1,1,0,2,1,00140,2,2
3,36.42,0.75,4,4,5,9,0.585,1,1,0,1,1,00240,3,2
3,40.58,3.29,3,2,11,9,3.5,1,1,0,2,3,00400,0,2
3,21.08,10.085,4,4,6,5,1.25,1,1,0,1,1,00260,0,2
2,22.67,0.75,3,2,3,9,2.0,1,2,2,2,1,00200,394,2
2,25.25,13.5,4,4,7,4,2.0,1,2,1,2,1,00200,1,2
3,17.92,0.205,3,2,2,9,0.04,1,1,0,1,1,00280,750,2
3,35.00,3.375,3,2,3,5,8.29,1,1,0,2,1,00000,0,2